filename,text
document_train_000000001.png,奈。八戒出
document_train_000000002.png,乎没再见到把女性
document_train_000000003.png,为中枢性的原因。
document_train_000000004.png,的奇特后果的故事
document_train_000000005.png,者至少是不
document_train_000000006.png,司电子及通信设
document_train_000000007.png,拉斯加里几
document_train_000000008.png,立于1958
document_train_000000009.png,表的人。不过这与我们这里要讲的
document_train_000000010.png,在两个
document_train_000000011.png,“不要恐慌”这
document_train_000000012.png,也不想走
document_train_000000013.png,受任
document_train_000000014.png,，没有
document_train_000000015.png,导致接触不良，引起电
document_train_000000016.png,纳宫及其庭园，1783
document_train_000000017.png,0.先好评看了在
document_train_000000018.png,工业大学
document_train_000000019.png,80，以前只要这
document_train_000000020.png,法
document_train_000000021.png,我客的，故事情和事有
document_train_000000022.png,场景辨识度高的新形象漂
document_train_000000023.png,呢~……当然，也是回答的时间
document_train_000000024.png,棒，路灯那段还是长镜头一
document_train_000000025.png,坪
document_train_000000026.png,着一颗完全无足轻重的蓝绿
document_train_000000027.png,感动、、、可能剧情有套路
document_train_000000028.png,0
document_train_000000029.png,守近4年的新闻直播室，向观
document_train_000000030.png,到爆但是又看的很爽的歌舞
document_train_000000031.png,错!值得所有要装
document_train_000000032.png,过去陪她，她从
document_train_000000033.png,表难看里面可口的食物终于瞒过了
document_train_000000034.png,管显得冗长
document_train_000000035.png,的ios9和osxelca
document_train_000000036.png,"攒上了,开机安装系统和驱动"
document_train_000000037.png,年为人谈
document_train_000000038.png,国原子能
document_train_000000039.png,经看了近百页。了解了stev
document_train_000000040.png,",但"
document_train_000000041.png,约40
document_train_000000042.png,尾的结尾。但是是继续支
document_train_000000043.png,欢。如果你
document_train_000000044.png,。
document_train_000000045.png,赵懋华女土
document_train_000000046.png,开放的文明里，《
document_train_000000047.png,级初榨橄榄油礼盒500ml
document_train_000000048.png,证。纸很
document_train_000000049.png,否
document_train_000000050.png,"能为力,那"
