"filename","text"
"bg_confusion_000000001.png","花都茶吧"
"bg_confusion_000000002.png","秦晋味道"
"bg_confusion_000000003.png","太重宾馆"
"bg_confusion_000000004.png","补胎"
"bg_confusion_000000005.png","内设包厢订餐送餐电话"
"bg_confusion_000000006.png","炸串"
"bg_confusion_000000007.png","第1世界大店"
"bg_confusion_000000008.png","夏丰纺纱"
"bg_confusion_000000009.png","岳各庄水站"
"bg_confusion_000000010.png","特色农家菜"
"bg_confusion_000000011.png","秋梅贸易有限公司优农汇农产品连锁"
"bg_confusion_000000012.png","新联写字楼"
"bg_confusion_000000013.png","来可以免费拿"
"bg_confusion_000000014.png","纪翟路三百五十五弄一百支弄"
"bg_confusion_000000015.png","方正证券"
"bg_confusion_000000016.png","少数民族联合会"
"bg_confusion_000000017.png","千兆到家万千未来"
"bg_confusion_000000018.png","13907162417"
"bg_confusion_000000019.png","定做各种工地配电箱"
"bg_confusion_000000020.png","音浩日娲酒楼"
"bg_confusion_000000021.png","北京裕和中西医"
"bg_confusion_000000022.png","苏妈小店"
"bg_confusion_000000023.png","四道口社区警务团队工作室"
"bg_confusion_000000024.png","新四季园林"
"bg_confusion_000000025.png","尚宾馆"
"bg_confusion_000000026.png","非物质文化遗产保护项目"
"bg_confusion_000000027.png","金恒德宾馆"
"bg_confusion_000000028.png","汇丰饺子园"
"bg_confusion_000000029.png","金牛酒店"
"bg_confusion_000000030.png","新鮮冰淇淋·茶飲"
"bg_confusion_000000031.png","平海国际"
"bg_confusion_000000032.png","北京中房恒润环保科技发展有限公司"
"bg_confusion_000000033.png","金胖子排挡"
"bg_confusion_000000034.png","啊"
"bg_confusion_000000035.png","配送电话：1370187262015216783389"
"bg_confusion_000000036.png","富尔特宾馆"
"bg_confusion_000000037.png","中国银"
"bg_confusion_000000038.png","张英粉大骗子"
"bg_confusion_000000039.png","夏不为利"
"bg_confusion_000000040.png","学而思培优"
"bg_confusion_000000041.png","穿耳"
"bg_confusion_000000042.png","雅"
"bg_confusion_000000043.png","同仁医院"
"bg_confusion_000000044.png","眼镜酸"
"bg_confusion_000000045.png","红房子招待所"
"bg_confusion_000000046.png","胜高连锁酒店"
"bg_confusion_000000047.png","西安腊"
"bg_confusion_000000048.png","上海市非物质文化遗产"
"bg_confusion_000000049.png","此处不得车现事故承责任"
"bg_confusion_000000050.png","一曲中国梦"
"bg_confusion_000000051.png","dentalgr"
"bg_confusion_000000052.png","学习铁成精神"
"bg_confusion_000000053.png","陕西老碗面"
"bg_confusion_000000054.png","福乐时尚宾馆"
"bg_confusion_000000055.png","重庆金翔影音有限公司"
"bg_confusion_000000056.png","温州"
"bg_confusion_000000057.png","新博美装饰城"
"bg_confusion_000000058.png","浙商银行"
"bg_confusion_000000059.png","圆通速递"
"bg_confusion_000000060.png","恒通快速充电巴士"
"bg_confusion_000000061.png","广州启税财务代理有限公司"
"bg_confusion_000000062.png","商务楼宇工作站"
"bg_confusion_000000063.png","ytime"
"bg_confusion_000000064.png","wall"
"bg_confusion_000000065.png","shop463309774.taobao.com"
"bg_confusion_000000066.png","industrial"
"bg_confusion_000000067.png","無損傷"
"bg_confusion_000000068.png","专业切割石材木材等"
"bg_confusion_000000069.png","ttrf.cn.alibaba.com"
"bg_confusion_000000070.png","一款"
"bg_confusion_000000071.png","好又来通信"
"bg_confusion_000000072.png","makeup"
"bg_confusion_000000073.png","龙新商行"
"bg_confusion_000000074.png","加温"
"bg_confusion_000000075.png","柔软材质"
"bg_confusion_000000076.png","http：//myzz.taobao.com"
"bg_confusion_000000077.png","电话18322989616"
"bg_confusion_000000078.png","千力佳照明照亮千万家千力佳照明照亮千万家"
"bg_confusion_000000079.png","hop"
"bg_confusion_000000080.png","13951526426"
"bg_confusion_000000081.png","高档田园提花质感桌布"
"bg_confusion_000000082.png","752853109"
"bg_confusion_000000083.png","com"
"bg_confusion_000000084.png","光华电子"
"bg_confusion_000000085.png","通讯ic系列"
"bg_confusion_000000086.png","qq：375642962"
"bg_confusion_000000087.png","开心宝贝hj2580"
"bg_confusion_000000088.png","ｌｕｎｇｌｕｎｇｈｋ．ｔａｏｂａｏ．ｃｏｍ"
"bg_confusion_000000089.png","jasonbao.taobao.com"
"bg_confusion_000000090.png","舍弗勒轴承4000-159-209"
"bg_confusion_000000091.png","真人秀2张好评返现5元"
"bg_confusion_000000092.png","bloomngsweet"
"bg_confusion_000000093.png","博盈信电子"
"bg_confusion_000000094.png","m15253953262"
"bg_confusion_000000095.png","格兰特电子"
"bg_confusion_000000096.png","29223610372@qq.com"
"bg_confusion_000000097.png","王官连15"
"bg_confusion_000000098.png","gkmx.taobao.com"
"bg_confusion_000000099.png","深圳市广科盛电子有限公司"
"bg_confusion_000000100.png","http://stop145546725.taobao.com"
"bg_confusion_000000101.png","实图拍摄盗图必究"
"bg_confusion_000000102.png","https://shop145255601.taobao.com"
"bg_confusion_000000103.png","youhuabang"
"bg_confusion_000000104.png","http://syjx.taobao.com"
"blur_000000001.png","格力"
"blur_000000002.png","禁止停车"
"blur_000000003.png","禁止"
"blur_000000004.png","交通台"
"blur_000000005.png","年大吉"
"blur_000000006.png","电话"
"blur_000000007.png","电话"
"blur_000000008.png","台铃"
"blur_000000009.png","小商品"
"blur_000000010.png","本店"
"blur_000000011.png","哪吒闹海"
"blur_000000012.png","红木家具"
"blur_000000013.png","电话"
"blur_000000014.png","珠市口"
"blur_000000015.png","中国"
"blur_000000016.png","识别"
"blur_000000017.png","团青公路"
"blur_000000018.png","招商电话"
"blur_000000019.png","交通银行"
"blur_000000020.png","处方药"
"blur_000000021.png","行人过桥请走地道"
"blur_000000022.png","長虹"
"blur_000000023.png","西大道"
"blur_000000024.png","出售"
"blur_000000025.png","中介"
"blur_000000026.png","格力"
"blur_000000027.png","施工联系"
"blur_000000028.png","医疗"
"blur_000000029.png","小心台阶"
"blur_000000030.png","天蝎"
"blur_000000031.png","饮料"
"blur_000000032.png","外经贸大厦"
"blur_000000033.png","怡寶"
"blur_000000034.png","电话"
"blur_000000035.png","出入平安"
"blur_000000036.png","自行车通行"
"blur_000000037.png","合伙人"
"blur_000000038.png","范大姐"
"blur_000000039.png","时尚家庭特区"
"blur_000000040.png","板金喷漆"
"blur_000000041.png","传真"
"blur_000000042.png","电话"
"blur_000000043.png","设备有限公司"
"blur_000000044.png","内设包间"
"blur_000000045.png","美团"
"blur_000000046.png","电话"
"blur_000000047.png","招工"
"blur_000000048.png","紫荆圜"
"blur_000000049.png","中山路"
"blur_000000050.png","电动羊毛剪子"
"blur_000000051.png","交通"
"blur_000000052.png","银行"
"blur_000000053.png","公交车"
"blur_000000054.png","开业"
"blur_000000055.png","大教育"
"blur_000000056.png","中国石油"
"blur_000000057.png","金彭"
"blur_000000058.png","好心家政"
"blur_000000059.png","电话"
"blur_000000060.png","歪嘴老火锅"
"blur_000000061.png","请上二楼"
"blur_000000062.png","施工现场"
"blur_000000063.png","笑开颜"
"blur_000000064.png","请进"
"blur_000000065.png","全场满"
"blur_000000066.png","康加道菜"
"blur_000000067.png","代煎中药"
"blur_000000068.png","配电子"
"blur_000000069.png","大众"
"blur_000000070.png","发展"
"blur_000000071.png","离子烫"
"blur_000000072.png","邦德"
"blur_000000073.png","广州市"
"blur_000000074.png","中药馆"
"blur_000000075.png","粮油市场"
"blur_000000076.png","格力"
"blur_000000077.png","直销"
"blur_000000078.png","搬屋"
"blur_000000079.png","万花丛"
"blur_000000080.png","废品油"
"blur_000000081.png","订花热线"
"blur_000000082.png","欢迎"
"blur_000000083.png","修车"
"blur_000000084.png","工程"
"blur_000000085.png","雪花"
"blur_000000086.png","名片"
"blur_000000087.png","精华"
"blur_000000088.png","环城北路口"
"blur_000000089.png","员工"
"blur_000000090.png","装修"
"blur_000000091.png","售楼部"
"blur_000000092.png","动通信"
"blur_000000093.png","电话"
"blur_000000094.png","火炬大"
"blur_000000095.png","钻孔"
"blur_000000096.png","电话"
"blur_000000097.png","胜逆"
"blur_000000098.png","全家"
"blur_000000099.png","补肺丸"
"blur_000000100.png","招聘"
"blur_000000101.png","专道出口"
"blur_000000102.png","天阳置业"
"blur_000000103.png","爱面"
"blur_000000104.png","电话"
"blur_000000105.png","棋牌"
"blur_000000106.png","欢迎光临"
"blur_000000107.png","力之星"
"blur_000000108.png","三星"
"blur_000000109.png","外出一会儿"
"blur_000000110.png","美的"
"blur_000000111.png","文创"
"blur_000000112.png","移动"
"blur_000000113.png","执法"
"blur_000000114.png","门面转让"
"blur_000000115.png","客官"
"blur_000000116.png","招聘"
"blur_000000117.png","电缆"
"blur_000000118.png","足疗"
"blur_000000119.png","奶茶"
"blur_000000120.png","汉庭快捷酒"
"blur_000000121.png","小拇指"
"blur_000000122.png","手足臀口油"
"blur_000000123.png","口子窖"
"blur_000000124.png","集团"
"blur_000000125.png","健康体检"
"blur_000000126.png","生用品"
"blur_000000127.png","重点项目"
"blur_000000128.png","正宗"
"blur_000000129.png","乐逛苏宁"
"blur_000000130.png","由此上三楼"
"blur_000000131.png","经营"
"blur_000000132.png","家电网"
"blur_000000133.png","国家电网"
"blur_000000134.png","北京"
"blur_000000135.png","台铃"
"blur_000000136.png","订座"
"blur_000000137.png","源自客家"
"blur_000000138.png","万里"
"blur_000000139.png","格力"
"blur_000000140.png","立即开始积累财富"
"blur_000000141.png","签证"
"blur_000000142.png","公交"
"blur_000000143.png","小刀"
"blur_000000144.png","转让"
"blur_000000145.png","华城"
"blur_000000146.png","只为"
"blur_000000147.png","北京银行"
"blur_000000148.png","女人养生的"
"blur_000000149.png","优雅"
"blur_000000150.png","招聘"
"blur_000000151.png","搬屋"
"blur_000000152.png","火锅"
"blur_000000153.png","停车场"
"blur_000000154.png","电话"
"blur_000000155.png","电话"
"blur_000000156.png","中华老字号"
"blur_000000157.png","全国"
"blur_000000158.png","布十大品牌"
"blur_000000159.png","通下水管道"
"blur_000000160.png","上客门"
"blur_000000161.png","杭州"
"blur_000000162.png","鹿角亭"
"blur_000000163.png","营业时间"
"blur_000000164.png","王先生"
"blur_000000165.png","洁具"
"blur_000000166.png","中粮"
"blur_000000167.png","禁止驶入"
"blur_000000168.png","营业时间"
"blur_000000169.png","一楼"
"blur_000000170.png","请拨打"
"blur_000000171.png","请上二楼"
"blur_000000172.png","绕行"
"blur_000000173.png","发凯门业"
"blur_000000174.png","各式饮"
"blur_000000175.png","平安"
"blur_000000176.png","诚聘"
"blur_000000177.png","涉毒"
"blur_000000178.png","电器"
"blur_000000179.png","灯具"
"blur_000000180.png","苏源"
"blur_000000181.png","如意"
"blur_000000182.png","喷淋"
"blur_000000183.png","电话"
"blur_000000184.png","文具"
"blur_000000185.png","天王表"
"blur_000000186.png","过户年检"
"blur_000000187.png","中华"
"blur_000000188.png","包教"
"blur_000000189.png","运动王者"
"blur_000000190.png","漆门"
"blur_000000191.png","万丰路"
"blur_000000192.png","安全"
"blur_000000193.png","奖牌"
"blur_000000194.png","建材"
"blur_000000195.png","青春寳"
"blur_000000196.png","九里"
"blur_000000197.png","招聘"
"blur_000000198.png","祛斑"
"blur_000000199.png","门店"
"blur_000000200.png","牛王庙"
"blur_000000201.png","温馨提示"
"blur_000000202.png","手机"
"blur_000000203.png","哈尔"
"blur_000000204.png","地铁"
"blur_000000205.png","万港东路"
"blur_000000206.png","会所"
"blur_000000207.png","二楼"
"blur_000000208.png","又一村"
"blur_000000209.png","中外小吃"
"blur_000000210.png","全季"
"blur_000000211.png","祥路"
"blur_000000212.png","拉面"
"blur_000000213.png","谢谢配合"
"blur_000000214.png","地安门西大街"
"blur_000000215.png","草木人"
"blur_000000216.png","转让"
"blur_000000217.png","电话"
"blur_000000218.png","快餐"
"blur_000000219.png","百业易贷"
"blur_000000220.png","格力"
"blur_000000221.png","曲阜路路口"
"blur_000000222.png","团公司"
"blur_000000223.png","营业时间"
"blur_000000224.png","管道"
"blur_000000225.png","电话"
"blur_000000226.png","迎光临"
"blur_000000227.png","日用"
"blur_000000228.png","安士"
"blur_000000229.png","招工"
"blur_000000230.png","只为"
"blur_000000231.png","电话"
"blur_000000232.png","价目表"
"blur_000000233.png","全场"
"blur_000000234.png","东胜商业广"
"blur_000000235.png","丹枫路"
"blur_000000236.png","温乐"
"blur_000000237.png","爱心"
"blur_000000238.png","空调开放正在营业"
"blur_000000239.png","一车一行请勿泊车"
"blur_000000240.png","动展示商城风采"
"blur_000000241.png","新名字"
"blur_000000242.png","请您停车入位"
"blur_000000243.png","天恒大厦"
"blur_000000244.png","华泰"
"blur_000000245.png","白铁加工"
"blur_000000246.png","亿年火"
"blur_000000247.png","营业时间"
"blur_000000248.png","上海大众"
"blur_000000249.png","读风人"
"blur_000000250.png","五金电子"
"blur_000000251.png","柔状"
"blur_000000252.png","日历"
"blur_000000253.png","开关"
"blur_000000254.png","有福道"
"blur_000000255.png","省时"
"blur_000000256.png","设置"
"blur_000000257.png","公益"
"blur_000000258.png","音乐"
"blur_000000259.png","检验项目"
"blur_000000260.png","同记"
"blur_000000261.png","干爽透"
"blur_000000262.png","日本进口布膜"
"blur_000000263.png","一年免费换新"
"blur_000000264.png","水袋"
"blur_000000265.png","现在奋斗的你"
"blur_000000266.png","极软"
"blur_000000267.png","公益"
"blur_000000268.png","时控"
"blur_000000269.png","铂熙"
"blur_000000270.png","金龙"
"blur_000000271.png","三年"
"blur_000000272.png","全合成油"
"blur_000000273.png","牛奶品"
"blur_000000274.png","注音"
"blur_000000275.png","进网许可"
"blur_000000276.png","股情"
"blur_000000277.png","猎豹"
"blur_000000278.png","低聚木糖"
"blur_000000279.png","德国"
"blur_000000280.png","中控"
"blur_000000281.png","网络会所"
"blur_000000282.png","磁铁开关"
"blur_000000283.png","周二"
"blur_000000284.png","选择"
"blur_000000285.png","防水"
"blur_000000286.png","自调保"
"blur_000000287.png","静电贴"
"blur_000000288.png","无酒精"
"blur_000000289.png","的信念"
"blur_000000290.png","厦门"
"blur_000000291.png","原装正品"
"blur_000000292.png","草本植物精华"
"blur_000000293.png","计数"
"blur_000000294.png","紫图"
"blur_000000295.png","质地轻透"
"blur_000000296.png","无色素"
"blur_000000297.png","编著"
"blur_000000298.png","十三"
"blur_000000299.png","洁净抗菌"
"blur_000000300.png","联系人"
"blur_000000301.png","存地址"
"blur_000000302.png","信号源"
"blur_000000303.png","定闹"
"blur_000000304.png","精煮"
"blur_000000305.png","磨砂"
"blur_000000306.png","扫一扫"
"blur_000000307.png","牙膏"
"blur_000000308.png","审计署考试中心"
"blur_000000309.png","一键"
"blur_000000310.png","可灭蚊子及"
"blur_000000311.png","全国百佳出版社"
"blur_000000312.png","易清洗"
"blur_000000313.png","验钞"
"blur_000000314.png","中国移动"
"blur_000000315.png","刘峰"
"blur_000000316.png","名牌"
"blur_000000317.png","中华书局"
"blur_000000318.png","感应开关"
"blur_000000319.png","退出"
"blur_000000320.png","敬告"
"blur_000000321.png","沐浴"
"blur_000000322.png","保健专家"
"blur_000000323.png","音乐"
"blur_000000324.png","诺斯"
"blur_000000325.png","好奇"
"blur_000000326.png","消防"
"blur_000000327.png","无毒"
"blur_000000328.png","手肌"
"blur_000000329.png","净含量"
"blur_000000330.png","燕雀"
"blur_000000331.png","勇敢追求我的理想"
"blur_000000332.png","主驾"
"blur_000000333.png","信息"
"blur_000000334.png","江中猴姑"
"blur_000000335.png","职务"
"blur_000000336.png","美肌"
"blur_000000337.png","时珍验方"
"blur_000000338.png","不渗漏"
"blur_000000339.png","婴儿纸尿裤"
"blur_000000340.png","图库"
"blur_000000341.png","屏显"
"blur_000000342.png","迎旭"
"blur_000000343.png","抓不破"
"blur_000000344.png","貂绒"
"blur_000000345.png","预约"
"blur_000000346.png","小熊"
"blur_000000347.png","点缤"
"blur_000000348.png","黑色"
"blur_000000349.png","优惠券"
"blur_000000350.png","视频"
"blur_000000351.png","视频"
"blur_000000352.png","水位"
"blur_000000353.png","推荐选择奖"
"blur_000000354.png","现代汽车"
"blur_000000355.png","主编"
"blur_000000356.png","用品"
"blur_000000357.png","九芝堂"
"blur_000000358.png","天球"
"blur_000000359.png","小米幼儿园"
"blur_000000360.png","人民"
"blur_000000361.png","拨号盘"
"blur_000000362.png","职务"
"blur_000000363.png","菜单"
"blur_000000364.png","低音"
"blur_000000365.png","乳清蛋白调理乳"
"blur_000000366.png","海丰特产"
"blur_000000367.png","专营"
"blur_000000368.png","仙维娜"
"blur_000000369.png","自驾"
"blur_000000370.png","小分子"
"blur_000000371.png","互联网"
"blur_000000372.png","拨号"
"blur_000000373.png","上海制皂"
"blur_000000374.png","第二代"
"blur_000000375.png","韩后"
"blur_000000376.png","菜单"
"blur_000000377.png","风神"
"blur_000000378.png","开机"
"blur_000000379.png","映泰"
"blur_000000380.png","兴华"
"blur_000000381.png","倾心"
"blur_000000382.png","酒红色"
"blur_000000383.png","去皮"
"blur_000000384.png","音量"
"blur_000000385.png","天然美白"
"blur_000000386.png","精于品质"
"blur_000000387.png","嘉伴"
"blur_000000388.png","星期二"
"blur_000000389.png","于华"
"blur_000000390.png","模式"
"blur_000000391.png","墨菊"
"blur_000000392.png","音乐"
"blur_000000393.png","金色"
"blur_000000394.png","通讯录"
"blur_000000395.png","扫密码"
"blur_000000396.png","音乐"
"blur_000000397.png","美的"
"blur_000000398.png","正品保障"
"blur_000000399.png","自然素材"
"blur_000000400.png","出版社"
"blur_000000401.png","润肤霜"
"blur_000000402.png","用品专营"
"blur_000000403.png","环保绿色"
"blur_000000404.png","保温"
"blur_000000405.png","伴你入眠"
"blur_000000406.png","小熊"
"blur_000000407.png","上一代人的"
"blur_000000408.png","今天"
"blur_000000409.png","特级"
"blur_000000410.png","安卓手机"
"blur_000000411.png","孙晚泉"
"blur_000000412.png","封口"
"blur_000000413.png","清雅"
"blur_000000414.png","游戏中心"
"blur_000000415.png","白色"
"blur_000000416.png","下册"
"blur_000000417.png","一月二十日"
"blur_000000418.png","配合"
"blur_000000419.png","相机"
"blur_000000420.png","横版"
"blur_000000421.png","宝贝"
"blur_000000422.png","的清晨"
"blur_000000423.png","扭片链"
"blur_000000424.png","洗衣液"
"blur_000000425.png","用的开心"
"blur_000000426.png","音乐"
"blur_000000427.png","净含量"
"blur_000000428.png","经典"
"blur_000000429.png","疼痛"
"blur_000000430.png","过敏"
"blur_000000431.png","指南"
"blur_000000432.png","认识国旗"
"blur_000000433.png","快速设置"
"blur_000000434.png","美肌"
"blur_000000435.png","硬度"
"blur_000000436.png","蓓秀"
"blur_000000437.png","亚麻"
"blur_000000438.png","喜爱"
"blur_000000439.png","关机"
"blur_000000440.png","等肠胃疾病"
"blur_000000441.png","注意高温"
"blur_000000442.png","水循环"
"blur_000000443.png","金装"
"blur_000000444.png","枚入"
"blur_000000445.png","周六"
"blur_000000446.png","语言"
"blur_000000447.png","全合成润滑油"
"blur_000000448.png","公司"
"blur_000000449.png","金锣"
"blur_000000450.png","日历"
"blur_000000451.png","天然酿造"
"blur_000000452.png","一定"
"blur_000000453.png","面膜"
"blur_000000454.png","前排"
"blur_000000455.png","精华"
"blur_000000456.png","百合金"
"blur_000000457.png","设置"
"blur_000000458.png","衣管家"
"blur_000000459.png","主题商店"
"blur_000000460.png","保温"
"blur_000000461.png","蠔干"
"blur_000000462.png","台灣大学校长"
"blur_000000463.png","不要掌"
"blur_000000464.png","米饭"
"blur_000000465.png","从茶园到茶杯"
"blur_000000466.png","主编"
"blur_000000467.png","大利"
"blur_000000468.png","包大人"
"blur_000000469.png","定时"
"blur_000000470.png","海丰特产"
"blur_000000471.png","说明"
"blur_000000472.png","杰艺"
"blur_000000473.png","浏览器"
"blur_000000474.png","学习"
"blur_000000475.png","电器"
"blur_000000476.png","美怡"
"blur_000000477.png","上划解锁"
"blur_000000478.png","密集"
"blur_000000479.png","编著"
"blur_000000480.png","你的信赖"
"blur_000000481.png","设置"
"blur_000000482.png","正品"
"blur_000000483.png","主题"
"blur_000000484.png","王莹"
"blur_000000485.png","修补笔"
"blur_000000486.png","净含量"
"blur_000000487.png","主编"
"blur_000000488.png","定制"
"blur_000000489.png","清真"
"blur_000000490.png","年轻父母"
"blur_000000491.png","电动车专用"
"blur_000000492.png","设置"
"blur_000000493.png","拒绝随波逐流"
"blur_000000494.png","专业人士的选择"
"blur_000000495.png","精选材质更安全"
"blur_000000496.png","从茶园到茶杯"
"blur_000000497.png","主题"
"blur_000000498.png","钟大夫"
"blur_000000499.png","下午"
"blur_000000500.png","材质"
"oblique_or_curved_000000001.png","福田震萨"
"oblique_or_curved_000000002.png","秦晋味道"
"oblique_or_curved_000000003.png","voitures"
"oblique_or_curved_000000004.png","太重宾馆"
"oblique_or_curved_000000005.png","新安社区人民调解委员会"
"oblique_or_curved_000000006.png","不随地吐痰"
"oblique_or_curved_000000007.png","第1世界大店"
"oblique_or_curved_000000008.png","包装"
"oblique_or_curved_000000009.png","god"
"oblique_or_curved_000000010.png","绿色建筑研究"
"oblique_or_curved_000000011.png","湖南胖哥视频有限"
"oblique_or_curved_000000012.png","青浦区香花桥街道青山社区"
"oblique_or_curved_000000013.png","ialiy"
"oblique_or_curved_000000014.png","1012010-01"
"oblique_or_curved_000000015.png","雲南"
"oblique_or_curved_000000016.png","质量保证"
"oblique_or_curved_000000017.png","工业品"
"oblique_or_curved_000000018.png","公司"
"oblique_or_curved_000000019.png","l.n."
"oblique_or_curved_000000020.png","ldeol"
"oblique_or_curved_000000021.png","cao·"
"oblique_or_curved_000000022.png","深圳市"
"oblique_or_curved_000000023.png","量低"
"oblique_or_curved_000000024.png","请确认商品"
"oblique_or_curved_000000025.png","guarantee"
"oblique_or_curved_000000026.png","dsklr"
"oblique_or_curved_000000027.png","expressu"
"oblique_or_curved_000000028.png","dsklr"
"oblique_or_curved_000000029.png","ches"
"oblique_or_curved_000000030.png","litv"
"oblique_or_curved_000000031.png","普瑞达"
"oblique_or_curved_000000032.png","配件"
"oblique_or_curved_000000033.png","荣誉出品"
"oblique_or_curved_000000034.png","fisheye"
"oblique_or_curved_000000035.png","state"
"oblique_or_curved_000000036.png","深圳"
"oblique_or_curved_000000037.png","wetherm"
"oblique_or_curved_000000038.png","旅行装"
"oblique_or_curved_000000039.png","出口公司"
"oblique_or_curved_000000040.png","丰顺"
"oblique_or_curved_000000041.png","acu"
"oblique_or_curved_000000042.png","black"
"oblique_or_curved_000000043.png","yunon"
"oblique_or_curved_000000044.png","pickup"
"oblique_or_curved_000000045.png","通过iso9001"
"oblique_or_curved_000000046.png","ams"
"oblique_or_curved_000000047.png","hion"
"oblique_or_curved_000000048.png","ce"
"oblique_or_curved_000000049.png","concentrated"
"oblique_or_curved_000000050.png","1365"
"oblique_or_curved_000000051.png","小不点"
"oblique_or_curved_000000052.png","刮贴"
"oblique_or_curved_000000053.png","6中b族维生素"
"oblique_or_curved_000000054.png","414f"
"oblique_or_curved_000000055.png","seal"
"oblique_or_curved_000000056.png","坚利工具"
"oblique_or_curved_000000057.png","河北朵唯斯羊绒制品有限公司"
"oblique_or_curved_000000058.png","epson"
"oblique_or_curved_000000059.png","hydno-soothing"
"oblique_or_curved_000000060.png","lachi"
"oblique_or_curved_000000061.png","dha&epaomeqa-3fattyacids"
"oblique_or_curved_000000062.png","德明"
"oblique_or_curved_000000063.png","100%"
"oblique_or_curved_000000064.png","nagn"
"oblique_or_curved_000000065.png","iniet"
"oblique_or_curved_000000066.png","军锐电子商城"
"oblique_or_curved_000000067.png","jaoan"
"oblique_or_curved_000000068.png","po"
"oblique_or_curved_000000069.png","gigwi"
"oblique_or_curved_000000070.png","全国"
"oblique_or_curved_000000071.png","qo"
"oblique_or_curved_000000072.png","有限公司"
"oblique_or_curved_000000073.png","soap"
"oblique_or_curved_000000074.png","用型"
"oblique_or_curved_000000075.png","全程定位"
"oblique_or_curved_000000076.png","rosa"
"oblique_or_curved_000000077.png","sealed-for"
"oblique_or_curved_000000078.png","ned"
"oblique_or_curved_000000079.png","arb"
"oblique_or_curved_000000080.png","源电"
"oblique_or_curved_000000081.png","国际质量认证"
"oblique_or_curved_000000082.png","heilongjianglvseyoujishipin"
"oblique_or_curved_000000083.png","电话"
"oblique_or_curved_000000084.png","brand"
"oblique_or_curved_000000085.png","达源"
"oblique_or_curved_000000086.png","ming"
"oblique_or_curved_000000087.png","h-w"
"oblique_or_curved_000000088.png","保持车距"
"oblique_or_curved_000000089.png","店长推荐"
"oblique_or_curved_000000090.png","怪獸"
"oblique_or_curved_000000091.png","scotch"
"oblique_or_curved_000000092.png","guar"
"oblique_or_curved_000000093.png","coffee"
"oblique_or_curved_000000094.png","有限"
"oblique_or_curved_000000095.png","进口nsk外"
"oblique_or_curved_000000096.png","the"
"oblique_or_curved_000000097.png","快捷方便"
"oblique_or_curved_000000098.png","solder"
"oblique_or_curved_000000099.png","网购超"
"oblique_or_curved_000000100.png","多泡一会儿"
"occlusion_000000001.png","福田震萨"
"occlusion_000000002.png","花都茶吧"
"occlusion_000000003.png","商标"
"occlusion_000000004.png","专业空调维护"
"occlusion_000000005.png","链家"
"occlusion_000000006.png","洗车"
"occlusion_000000007.png","xay"
"occlusion_000000008.png","金歌量贩ktv"
"occlusion_000000009.png","内设包厢订餐送餐电话"
"occlusion_000000010.png","香烧店"
"occlusion_000000011.png","致美面包"
"occlusion_000000012.png","清真楼"
"occlusion_000000013.png","台"
"occlusion_000000014.png","卖，您放心买”市场"
"occlusion_000000015.png","创五洋品"
"occlusion_000000016.png","实惠舒适卫生"
"occlusion_000000017.png","正元文印中心"
"occlusion_000000018.png","彩页画册"
"occlusion_000000019.png","华宇嘉业"
"occlusion_000000020.png","秋梅贸易有限公司优农汇农产品连锁"
"occlusion_000000021.png","养"
"occlusion_000000022.png","8096m2国际品牌精装"
"occlusion_000000023.png","train"
"occlusion_000000024.png","色经典"
"occlusion_000000025.png","mboss"
"occlusion_000000026.png","毅程无限房产"
"occlusion_000000027.png","精修中高档轿车"
"occlusion_000000028.png","鑫座套换洗"
"occlusion_000000029.png","建材"
"occlusion_000000030.png","桂林市净瓶山桥奇石市场"
"occlusion_000000031.png","佳"
"occlusion_000000032.png","baish"
"occlusion_000000033.png","时代大道·东方文化园"
"occlusion_000000034.png","北京裕和中西医"
"occlusion_000000035.png","massage"
"occlusion_000000036.png","售后电话：020-8562631085626408"
"occlusion_000000037.png","让天空蔚蓝"
"occlusion_000000038.png","龙甲防盗门"
"occlusion_000000039.png","让装修"
"occlusion_000000040.png","欢迎您"
"occlusion_000000041.png","西医院"
"occlusion_000000042.png","翠玉合"
"occlusion_000000043.png","西部华拉面"
"occlusion_000000044.png","签"
"occlusion_000000045.png","长新城•商业中心"
"occlusion_000000046.png","春風得意"
"occlusion_000000047.png","客服热线：96877"
"occlusion_000000048.png","联文教育信息咨询"
"occlusion_000000049.png","电话"
"occlusion_000000050.png","四川标准建筑科技购书中心"
"occlusion_000000051.png","氧气睡眠"
"occlusion_000000052.png","码专营"
"occlusion_000000053.png","storeno："
"occlusion_000000054.png","英超奶粉"
"occlusion_000000055.png","安吉尔净水基地"
"occlusion_000000056.png","wfstern"
"occlusion_000000057.png","handsome"
"occlusion_000000058.png","小妖日系洋服殿"
"occlusion_000000059.png","萌豆豆品牌专柜/guoyugongsi"
"occlusion_000000060.png","尺"
"occlusion_000000061.png","2013.nov"
"occlusion_000000062.png","温情与敬意"
"occlusion_000000063.png","https:"
"occlusion_000000064.png","易"
"occlusion_000000065.png","英雄lol强"
"occlusion_000000066.png","赛尔号"
"occlusion_000000067.png","上海能"
"occlusion_000000068.png","淘宝id:中南一夜"
"occlusion_000000069.png","com"
"occlusion_000000070.png","原价：330"
"occlusion_000000071.png","通讯ic系列"
"occlusion_000000072.png","实物拍摄"
"occlusion_000000073.png","iphone6"
"occlusion_000000074.png","找书："
"occlusion_000000075.png","实物拍摄盗图必究"
"occlusion_000000076.png","永久使用"
"occlusion_000000077.png","紫图"
"occlusion_000000078.png","7"
"occlusion_000000079.png","kitty"
"occlusion_000000080.png","co&co"
"occlusion_000000081.png","花期"
"occlusion_000000082.png","原价256"
"occlusion_000000083.png","y"
"occlusion_000000084.png","辉"
"occlusion_000000085.png","宏阳抛光清洗"
"occlusion_000000086.png","frank3109"
"occlusion_000000087.png","f"
"occlusion_000000088.png","tl084cn"
"occlusion_000000089.png","（组编分册）"
"occlusion_000000090.png","thank"
"occlusion_000000091.png","taobao88888.cn"
"occlusion_000000092.png","kans"
"occlusion_000000093.png","118u"
"occlusion_000000094.png","tit"
"occlusion_000000095.png","方"
"occlusion_000000096.png","viva"
"occlusion_000000097.png","祥"
"occlusion_000000098.png","beautyprofessiona"
"occlusion_000000099.png","ganxiaozi"
"occlusion_000000100.png","no.1"
"occlusion_000000101.png","kudom"
"vertical_text_000000001.png","上海食文化研究会"
"vertical_text_000000002.png","货真价实"
"vertical_text_000000003.png","农夫烤鱼"
"vertical_text_000000004.png","武汉市民"
"vertical_text_000000005.png","专业空调维护"
"vertical_text_000000006.png","十八酒坊"
"vertical_text_000000007.png","滁河大桥"
"vertical_text_000000008.png","上海市宝山区烟草糖酒专卖"
"vertical_text_000000009.png","全国连锁"
"vertical_text_000000010.png","珠海市公务车"
"vertical_text_000000011.png","太阳能光伏产品的设计与安"
"vertical_text_000000012.png","四轮定位"
"vertical_text_000000013.png","烤生蚝"
"vertical_text_000000014.png","海之声"
"vertical_text_000000015.png","北京"
"vertical_text_000000016.png","热情服务"
"vertical_text_000000017.png","红宝石家居博览城"
"vertical_text_000000018.png","诚信为"
"vertical_text_000000019.png","真欧布"
"vertical_text_000000020.png","响新村村务监督委员会"
"vertical_text_000000021.png","白云边"
"vertical_text_000000022.png","亲亲鱼"
"vertical_text_000000023.png","交通银行"
"vertical_text_000000024.png","山村"
"vertical_text_000000025.png","北京市西城区"
"vertical_text_000000026.png","创五洋品"
"vertical_text_000000027.png","长银大厦"
"vertical_text_000000028.png","换领口袖口"
"vertical_text_000000029.png","教职工活动中心"
"vertical_text_000000030.png","铁龙专修"
"vertical_text_000000031.png","施工联系"
"vertical_text_000000032.png","得心應手事業成"
"vertical_text_000000033.png","设计"
"vertical_text_000000034.png","家政"
"vertical_text_000000035.png","饮料"
"vertical_text_000000036.png","外经贸大厦"
"vertical_text_000000037.png","出入平安"
"vertical_text_000000038.png","三角带"
"vertical_text_000000039.png","讲文明树新风"
"vertical_text_000000040.png","好佳奇手机广场"
"vertical_text_000000041.png","廣海大厦"
"vertical_text_000000042.png","第二军医大学临床教学医院"
"vertical_text_000000043.png","中铁二局"
"vertical_text_000000044.png","会展中心"
"vertical_text_000000045.png","沙县小"
"vertical_text_000000046.png","番薯粥饭"
"vertical_text_000000047.png","羽绒概况"
"vertical_text_000000048.png","请照顾好老人和小孩"
"vertical_text_000000049.png","平安接来全"
"vertical_text_000000050.png","板金喷漆"
"vertical_text_000000051.png","先进集体"
"vertical_text_000000052.png","氨基酸洗发水系列"
"vertical_text_000000053.png","一瓶送刮痧板"
"vertical_text_000000054.png","有福道"
"vertical_text_000000055.png","茗茶商行"
"vertical_text_000000056.png","正品批发"
"vertical_text_000000057.png","加厚哦"
"vertical_text_000000058.png","食搭配宜忌一本全"
"vertical_text_000000059.png","钠粉"
"vertical_text_000000060.png","日子"
"vertical_text_000000061.png","磨剑少爷"
"vertical_text_000000062.png","白粘土"
"vertical_text_000000063.png","实物拍摄"
"vertical_text_000000064.png","地方特产"
"vertical_text_000000065.png","中国少年儿童选型艺术学会"
"vertical_text_000000066.png","美白牙齿"
"vertical_text_000000067.png","非贴纸"
"vertical_text_000000068.png","性情童话系列"
"vertical_text_000000069.png","盛業機械"
"vertical_text_000000070.png","抢购价"
"vertical_text_000000071.png","当当车贴"
"vertical_text_000000072.png","支持退换"
"vertical_text_000000073.png","防腐防雨"
"vertical_text_000000074.png","珍品"
"vertical_text_000000075.png","女金胶囊"
"vertical_text_000000076.png","早该这样打拼"
"vertical_text_000000077.png","珍珠小马海"
"vertical_text_000000078.png","牛奶"
"vertical_text_000000079.png","薄荷味饮料浓浆"
"vertical_text_000000080.png","我全赔"
"vertical_text_000000081.png","深圳市"
"vertical_text_000000082.png","祝您一路平安"
"vertical_text_000000083.png","中国熨法"
"vertical_text_000000084.png","小吃特产"
"vertical_text_000000085.png","图画书"
"vertical_text_000000086.png","禁止停车"
"vertical_text_000000087.png","可攀树"
"vertical_text_000000088.png","循序渐进"
"vertical_text_000000089.png","消灭蟑螂"
"vertical_text_000000090.png","印美百货"
"vertical_text_000000091.png","扫一扫"
"vertical_text_000000092.png","牙膏"
"vertical_text_000000093.png","持续控油"
"vertical_text_000000094.png","高清效果"
"vertical_text_000000095.png","大门牙姑娘有美梦"
"vertical_text_000000096.png","舒阴除虱膏"
"vertical_text_000000097.png","假一赔十"
"vertical_text_000000098.png","小青柑"
"vertical_text_000000099.png","全新正品"
"vertical_text_000000100.png","葆顺堂"
